Keyboard Get,2024-03-30 22:10:58
Keyboard Get,2024-03-31 12:42:24
Keyboard Post,2024-03-31 12:42:30
Keyboard Get,2024-03-31 12:42:35
Keyboard Update,2024-03-31 12:43:10
Keyboard Get,2024-03-31 12:43:23
Keyboard Get,2024-03-31 12:57:56
Keyboard Delete,2024-03-31 12:58:05
Keyboard Get,2024-03-31 12:58:09
Keyboard Post,2024-03-31 12:58:13
Keyboard Post,2024-03-31 12:58:16
Keyboard Get,2024-03-31 12:58:29
Keyboard Update,2024-03-31 12:58:35
Keyboard Get,2024-03-31 12:58:42
Keyboard Get,2024-03-31 13:01:14
Keyboard Update,2024-03-31 13:01:23
Keyboard Get,2024-03-31 13:02:17
Keyboard Delete,2024-03-31 13:02:25
Keyboard Delete,2024-03-31 13:02:27
Keyboard Post,2024-03-31 13:02:31
Keyboard Update,2024-03-31 13:02:46
Keyboard Get,2024-03-31 13:02:51
Switches Get,2024-03-31 13:57:46
Switches Post,2024-03-31 13:57:48
Switches Get,2024-03-31 13:57:53
Switches Get,2024-03-31 13:59:21
Switches Put,2024-03-31 14:00:19
Switches Get,2024-03-31 14:00:45
Switches Put,2024-03-31 14:00:56
Switches Get,2024-03-31 14:00:59
Switches Get,2024-03-31 14:01:57
Switches Put,2024-03-31 14:02:01
Switches Get,2024-03-31 14:02:03
Keycaps Post,2024-03-31 14:07:48
Keycaps Get,2024-03-31 14:08:20
Keycaps Put,2024-03-31 14:09:17
Keycaps Get,2024-03-31 14:09:19
Deskmat Post,2024-03-31 14:13:29
Deskmat Get,2024-03-31 14:13:35
Keyboard Get,2024-03-31 14:24:16
Keyboard Post,2024-03-31 14:28:27
Keyboard Get,2024-03-31 14:28:31
